Cluster,FIPS Code
0,51037
0,13027
0,37079
0,28085
0,46023
0,1023
0,47123
0,47175
0,37033
0,48337
0,13217
0,21195
0,48005
0,21237
0,24039
0,48133
0,5019
0,48073
0,48327
0,51113
0,51167
0,48169
0,51131
0,47137
0,48311
0,46031
0,29091
0,37057
0,29195
0,28097
0,1077
0,53021
0,48087
0,1075
0,37187
0,48443
0,13075
0,40055
0,5083
0,1009
0,5101
0,45009
0,48385
0,47079
0,48369
0,17191
0,48111
0,51515
0,47035
0,22037
0,37127
0,51720
0,35019
0,37103
0,37045
0,5115
0,35031
0,13015
0,22029
0,37111
0,5047
0,21001
0,51620
0,48487
0,51730
0,48123
0,13045
0,21087
0,48001
0,45073
0,28067
0,40101
0,47019
0,22067
0,48477
0,13199
0,48191
0,8099
0,48483
0,21171
0,48175
0,13269
0,51165
0,34001
0,37155
0,28103
0,22059
0,48291
0,36005
0,47109
0,5057
0,21235
0,48357
0,23003
0,47167
0,53025
0,8023
0,48279
0,16073
0,37185
0,13313
0,13147
0,1131
0,48217
0,48153
0,22099
0,13277
0,17193
0,21065
0,20055
0,46109
0,12079
0,28041
0,17025
0,8021
0,17165
0,13101
0,21043
0,1079
0,38047
0,13159
0,21133
0,37095
0,22127
0,51069
0,40067
0,22087
0,13209
0,5095
0,28163
0,47011
0,48297
0,21173
0,48105
0,51017
0,21013
0,13273
0,48471
0,48061
0,12107
0,8033
0,28063
0,22079
0,48353
0,48375
0,2290
0,13239
0,30109
0,6107
0,21199
0,40133
0,37171
0,48371
0,51035
0,45077
0,13257
0,13251
0,13305
0,51530
0,48455
0,47099
0,22107
0,51670
0,28141
0,37197
0,17003
0,48405
0,54055
0,28113
0,47005
0,5009
0,46007
0,21157
0,47163
0,37167
0,48159
0,1049
0,22035
0,4021
0,51089
0,35005
0,48127
0,40023
0,2180
0,13263
0,13303
0,6047
0,21181
0,48275
0,21119
0,28143
0,54087
0,54059
0,40005
0,48271
0,47177
0,28043
0,5043
0,27087
0,47053
0,28011
0,1063
0,40089
0,40063
0,28127
0,17055
0,28061
0,54045
0,47023
0,5121
0,8087
0,40001
0,12059
0,28107
0,28057
0,21223
0,47181
0,47017
0,28139
0,16087
0,37039
0,45027
0,13095
0,21115
0,13165
0,48277
0,48293
0,22047
0,46043
0,1095
0,13011
0,37159
0,51560
0,48207
0,28029
0,21141
0,13213
0,5027
0,51117
0,21021
0,47039
0,18027
0,51159
0,38103
0,48141
0,13009
0,1029
0,47151
0,48383
0,13137
0,47027
0,47153
0,40009
0,28025
0,45075
0,21177
0,21099
0,48413
0,47059
0,32021
0,13157
0,48463
0,28055
0,47129
0,17087
0,21051
0,22077
0,28019
0,37143
0,54089
0,1127
0,6077
0,28131
0,28159
0,48093
0,13131
0,13107
0,12067
0,28117
0,13233
0,48273
0,5073
0,5075
0,45065
0,46102
0,13227
0,12075
0,48013
0,5109
0,54019
0,21129
0,29187
0,37199
0,47061
0,48285
0,51143
0,49037
0,22097
0,1039
0,40061
0,29207
0,21063
0,48197
0,37059
0,13139
0,28093
0,45061
0,28079
0,48003
0,12027
0,12013
0,5081
0,1123
0,1025
0,48341
0,21127
0,45007
0,28015
0,1015
0,51520
0,13173
0,51111
0,48109
0,13241
0,22025
0,48131
0,37083
0,48049
0,35053
0,48225
0,21217
0,13261
0,48101
0,12049
0,37069
0,5065
0,13013
0,13307
0,21041
0,48115
0,35021
0,21161
0,1133
0,48267
0,45047
0,45025
0,48255
0,54081
0,48213
0,29155
0,47097
0,48051
0,51119
0,21203
0,21045
0,45017
0,48343
0,21207
0,28017
0,51690
0,29023
0,26095
0,51137
0,13109
0,51173
0,1033
0,12041
0,48231
0,13259
0,51193
0,21109
0,51147
0,1043
0,37043
0,20209
0,22109
0,47141
0,37009
0,51033
0,37017
0,21125
0,21219
0,46045
0,47021
0,21175
0,13297
0,35039
0,37123
0,28155
0,28111
0,47183
0,48419
0,29133
0,37077
0,48401
0,47169
0,21017
0,47029
0,21201
0,48069
0,40135
0,21143
0,47171
0,48321
0,48445
0,16075
0,13091
0,21089
0,46089
0,35033
0,22049
0,13003
0,40041
0,48325
0,22003
0,21003
0,48345
0,51083
0,29035
0,28021
0,48481
0,2164
0,13033
0,5149
0,13125
0,48431
0,48179
0,13007
0,47025
0,13197
0,48433
0,51169
0,38043
0,13205
0,47003
0,38051
0,51047
0,21197
0,13047
0,22069
0,47009
0,48459
0,47031
0,28129
0,54007
0,13083
0,54015
0,13019
0,5033
0,17127
0,28147
0,21049
0,48007
0,47095
0,47145
0,5077
0,28005
0,21165
0,40115
0,45053
0,51171
0,1109
0,22091
0,28013
0,54043
0,48493
0,21183
0,13235
0,51063
0,28001
0,40079
0,5041
0,13249
0,5037
0,47091
0,22117
0,21079
0,37181
0,13243
0,13133
0,47111
0,28119
0,47077
0,51053
0,37061
0,13105
0,48063
0,54021
0,28145
0,40029
0,28157
0,47007
0,45023
0,12045
0,13023
0,1027
0,6025
0,1053
0,29181
0,12047
0,21061
0,40141
0,37005
0,48307
0,1021
0,28133
0,37195
0,1097
0,6021
0,12105
0,47051
0,47121
0,21205
0,48055
0,28007
0,47135
0,48015
0,37023
0,45041
0,47033
0,2185
0,17157
0,13267
0,37161
0,4009
0,35023
0,31047
0,48081
0,13311
0,51109
0,22045
0,37003
0,48237
0,29055
0,13265
0,21231
0,13283
0,13087
0,13271
0,48503
0,5087
0,51036
0,28091
0,35011
0,45033
0,1085
0,5103
0,13193
0,48095
0,21137
0,48449
0,37145
0,48403
0,28065
0,21153
0,22081
0,5071
0,51580
0,39075
0,51081
0,48287
0,45057
0,48155
0,32027
0,45037
0,48023
0,40069
0,22027
0,45085
0,36019
0,22057
0,1111
0,37173
0,29015
0,2070
0,5123
0,48391
0,48227
0,18039
0,48473
0,48193
0,1047
0,12055
0,21039
0,21069
0,51191
0,1059
0,12121
0,22101
0,51640
0,13149
0,1005
0,47107
0,5133
0,1019
0,45005
0,29123
0,29067
0,28151
0,17153
0,48261
0,2158
0,54099
0,13141
0,4023
0,37013
0,13279
0,48373
0,47041
0,21135
0,51139
0,28095
0,1115
0,13317
0,51077
0,47147
0,46137
0,47013
0,37193
0,12133
0,40075
0,12051
0,47133
0,48205
0,45087
0,48257
0,51049
0,1011
0,51091
0,4015
0,5089
0,47139
0,13191
0,22021
0,8011
0,37153
0,38005
0,21169
0,37157
0,18087
0,28051
0,48185
0,13161
0,40097
0,48349
0,48177
0,13171
0,47173
0,37071
0,40091
0,21031
0,54109
0,48071
0,5001
0,27029
0,48135
0,5011
0,21075
0,21107
0,54005
0,45029
0,1121
0,1055
0,13291
0,47057
0,46061
0,4017
0,13115
0,51051
0,38083
0,13111
0,37107
0,21229
0,48025
0,21011
0,22123
0,37109
0,46121
0,6103
0,48163
0,37047
0,13175
0,13061
0,28099
0,51093
0,6031
0,28109
0,28083
0,36033
0,17065
0,12093
0,5139
0,37177
0,37041
0,13001
0,40077
0,13049
0,47075
0,36047
0,21083
0,13035
0,1067
0,51141
0,21221
0,22009
0,17059
0,48239
0,21055
0,21147
0,12023
0,13225
0,13167
0,28115
0,13143
0,5145
0,48467
0,13093
0,48079
0,1035
0,28137
0,30037
0,41049
0,37101
0,22065
0,5107
0,22113
0,48017
0,21071
0,21193
0,41045
0,12077
0,22007
0,5147
0,46091
0,28077
0,48173
0,12039
0,28009
0,5049
0,47047
0,48289
0,48387
0,48411
0,1087
0,21121
0,35029
0,28031
0,48089
0,48409
0,5127
0,48189
0,51009
0,54047
0,51031
0,47185
0,48475
0,13163
0,51011
0,16047
0,12063
0,13037
0,38029
0,21025
0,48501
0,5021
0,5017
0,40127
0,40025
0,29510
0,48103
0,28003
0,54013
0,13055
0,12125
0,48447
0,37169
0,17005
0,51197
0,21009
0,5039
0,13081
0,51155
0,28023
0,13189
0,47081
0,22039
0,48363
0,13287
0,6029
0,48331
0,48117
0,48333
0,51740
0,37015
0,6019
0,22083
0,48249
0,13207
0,45021
0,13299
0,48429
0,17181
0,47155
0,5097
0,30107
0,48253
0,29093
0,37163
0,47143
0,12043
0,1041
0,4001
0,1037
0,40099
0,13017
0,21159
0,12065
0,35037
0,21189
0,38045
0,37093
0,48435
0,13123
0,13285
0,1051
0,51595
0,8109
0,31043
0,5111
0,47045
0,48137
0,51185
0,20175
0,48151
0,51163
0,1071
0,48057
0,48437
0,42101
0,53077
0,29143
0,37073
0,1091
0,1013
0,1099
0,51590
0,5023
0,28027
0,37115
0,35006
0,48067
0,48399
0,1119
0,48149
0,13155
0,45055
0,1017
0,48223
0,1093
0,51183
0,37137
0,5067
0,16067
0,22041
0,28037
0,47071
0,48395
0,29221
0,13065
0,17069
0,51029
0,29179
0,48083
0,24510
0,47073
0,48247
0,28053
0,22105
0,29223
0,51195
0,40095
0,12131
0,13211
0,40111
0,4027
0,40139
0,51001
0,2050
0,5137
0,10005
0,1113
0,40107
0,21131
0,48125
0,48315
0,13253
0,21085
0,5091
0,51021
0,45071
0,47115
0,48219
0,40121
0,48107
0,48379
0,48461
0,48497
0,40013
0,1083
0,51067
0,28125
0,1107
0,6015
0,35015
0,48195
0,51057
0,48465
0,5035
0,17145
0,5141
0,35025
0,45083
0,22075
0,36105
0,6099
0,48365
0,21105
0,21057
0,48119
0,28039
0,21095
0,13221
0,45067
0,17009
0,53001
0,45081
0,46017
0,47067
0,22125
0,5135
0,47101
0,13201
0,13069
0,37165
0,37011
0,47049
0,48415
0,48075
0,40057
0,5117
0,22019
0,47089
0,27105
0,13295
0,22119
0,48165
0,13255
0,46049
0,37131
0,13293
0,13119
0,51135
0,1007
0,48495
0,47015
0,45089
0,28153
0,37117
0,12037
0,12086
0,5069
0,5079
0,37007
0,28161
0,13129
0,48147
0,40137
0,13289
0,5099
0,45049
0,38041
0,48305
0,6011
0,37121
0,47087
0,51027
0,48035
0,21053
0,26141
0,1057
0,51025
0,48145
0,37085
0,1065
0,45031
0,16077
0,13071
0,12029
0,28123
0,45059
0,5093
0,47105
0,29119
0,51187
0,20067
0,1061
0,48317
0,37065
0,48505
0,13181
0,47069
0,17151
0,48045
0,6039
0,29069
0,13187
0,37027
0,37035
0,54101
0,5113
0,40019
0,5015
0,45039
0,48161
0,34011
0,13321
0,13301
0,13281
0,16033
0,29065
0,28069
0,46067
0,51181
0,13275
0,37075
0,47063
0,6115
0,28101
0,45069
0,26085
0,48407
0,5061
0,1105
0,20057
0,51105
0,45011
0,22001
0,37151
0,37091
0,38037
0,51007
0,31037
0,51097
0,21149
0,13043
0,47103
0,13099
0,13079
0,51125
0,25005
0,28135
0,45001
0,4012
0,51175
1,36015
1,20197
1,6091
1,20143
1,26031
1,16005
1,48199
1,36057
1,46069
1,27055
1,19105
1,6007
1,26131
1,24011
1,8065
1,32013
1,24017
1,36095
1,18127
1,18065
1,47117
1,26015
1,12101
1,56031
1,26007
1,40031
1,37053
1,27085
1,20017
1,54063
1,48203
1,48059
1,42073
1,26093
1,42075
1,27013
1,8071
1,38021
1,20011
1,30021
1,26075
1,8123
1,27117
1,40145
1,27167
1,46077
1,27049
1,21059
1,19187
1,21097
1,29201
1,17121
1,20205
1,39029
1,21187
1,28033
1,31125
1,18045
1,16007
1,31153
1,48181
1,20185
1,17049
1,26101
1,56007
1,27003
1,31007
1,16055
1,46005
1,8125
1,46079
1,39083
1,18101
1,6009
1,55073
1,20095
1,30073
1,18111
1,36045
1,5125
1,29053
1,29071
1,17101
1,19063
1,31159
1,33007
1,51073
1,48097
1,51149
1,46129
1,49003
1,39105
1,19015
1,36039
1,41039
1,46051
1,18025
1,17133
1,2122
1,20059
1,18047
1,22023
1,29057
1,32510
1,20107
1,23019
1,31025
1,6027
1,55078
1,31061
1,48129
1,36099
1,51550
1,41011
1,37133
1,23031
1,31003
1,2261
1,53059
1,31099
1,27115
1,17041
1,35027
1,21019
1,32031
1,29117
1,19177
1,13231
1,53013
1,12129
1,8105
1,26017
1,41015
1,17185
1,27145
1,20099
1,16025
1,29113
1,53009
1,26055
1,30045
1,41035
1,39161
1,31075
1,31141
1,31161
1,17079
1,6093
1,23001
1,41029
1,8063
1,4003
1,27089
1,29005
1,31077
1,31033
1,47055
1,20039
1,26001
1,26121
1,31131
1,36123
1,41031
1,54093
1,17103
1,18023
1,39071
1,13169
1,35009
1,36003
1,18163
1,46039
1,39101
1,19131
1,18029
1,18109
1,18079
1,55017
1,42119
1,39089
1,46107
1,20037
1,31041
1,42107
1,36011
1,40093
1,19197
1,47125
1,48183
1,18107
1,5053
1,27065
1,6063
1,18183
1,40125
1,55007
1,26135
1,31119
1,17075
1,5029
1,20137
1,26147
1,42049
1,27099
1,40105
1,23029
1,31079
1,39003
1,30009
1,26155
1,49053
1,20187
1,45015
1,48009
1,31173
1,26103
1,16063
1,40065
1,33013
1,31089
1,19077
1,20145
1,19171
1,47085
1,55101
1,17183
1,20015
1,39139
1,38035
1,56043
1,31117
1,55057
1,26047
1,39027
1,29137
1,21029
1,41055
1,27047
1,2201
1,26013
1,20089
1,8009
1,2170
1,37055
1,54033
1,20073
1,29185
1,17045
1,26139
1,21093
1,12113
1,29033
1,46117
1,39079
1,42007
1,54083
1,31035
1,17117
1,48309
1,42125
1,20079
1,39117
1,39005
1,19137
1,27127
1,21213
1,32011
1,53017
1,26037
1,22013
1,31101
1,27023
1,6057
1,12119
1,31027
1,20047
1,31053
1,26091
1,39043
1,35059
1,20043
1,20155
1,27091
1,16009
1,20029
1,38069
1,18059
1,18049
1,46021
1,55075
1,18037
1,54051
1,38075
1,32015
1,48021
1,29159
1,22093
1,27125
1,46125
1,20133
1,17039
1,18013
1,21077
1,26127
1,20147
1,39169
1,39133
1,20025
1,17169
1,19109
1,46103
1,39063
1,31001
1,18181
1,49045
1,30017
1,19185
1,19037
1,39067
1,18147
1,5085
1,12091
1,21179
1,17179
1,46095
1,20139
1,12033
1,27151
1,19141
1,17017
1,19107
1,22115
1,30011
1,19087
1,19005
1,22089
1,12097
1,27159
1,13195
1,12035
1,27131
1,26089
1,54103
1,26063
1,16011
1,27153
1,26159
1,39167
1,56029
1,8061
1,29079
1,20149
1,29177
1,39097
1,51700
1,54065
1,40131
1,17063
1,18137
1,41059
1,20153
1,17159
1,39155
1,39113
1,20157
1,29145
1,38073
1,38091
1,42013
1,1129
1,26053
1,42083
1,17149
1,5005
1,29163
1,49035
1,40007
1,51005
1,42123
1,53049
1,26009
1,53027
1,19113
1,29083
1,39085
1,30055
1,20061
1,18033
1,19145
1,51115
1,55129
1,50009
1,20009
1,49011
1,20077
1,31107
1,23007
1,39087
1,39021
1,17057
1,17029
1,31031
1,27025
1,42009
1,45063
1,48313
1,41061
1,8103
1,20115
1,18051
1,46111
1,31095
1,39131
1,55063
1,27039
1,20005
1,40103
1,41021
1,42001
1,5059
1,51710
1,38001
1,19093
1,53029
1,46033
1,20195
1,17189
1,18123
1,20135
1,17091
1,38025
1,42117
1,16029
1,17131
1,26083
1,42113
1,56025
1,29153
1,19071
1,35057
1,54105
1,24015
1,17061
1,37051
1,30071
1,8073
1,16021
1,29149
1,39081
1,39143
1,29075
1,42127
1,42093
1,17161
1,27031
1,53067
1,35017
1,41037
1,29213
1,20003
1,38085
1,55113
1,26111
1,18041
1,31157
1,2100
1,29183
1,30007
1,40087
1,2090
1,20159
1,51015
1,55015
1,19151
1,56037
1,26133
1,20127
1,51101
1,27129
1,8001
1,38089
1,16069
1,19159
1,17167
1,54023
1,26027
1,5105
1,21167
1,20183
1,39099
1,20181
1,53023
1,30111
1,13319
1,19083
1,55093
1,20041
1,18069
1,6033
1,27107
1,39001
1,17015
1,22095
1,27021
1,48241
1,29059
1,16051
1,38079
1,26149
1,36107
1,55029
1,51810
1,13315
1,41000
1,19147
1,20103
1,8077
1,27045
1,31113
1,50019
1,6061
1,29151
1,29107
1,51023
1,48139
1,30095
1,48351
1,38065
1,27171
1,12005
1,16079
1,30025
1,27157
1,29021
1,12081
1,38053
1,17111
1,31139
1,22085
1,29219
1,12009
1,42051
1,27095
1,29087
1,31015
1,18017
1,48011
1,38061
1,31097
1,15001
1,41041
1,37113
1,40045
1,38081
1,27147
1,39053
1,29037
1,29025
1,46081
1,31163
1,21101
1,56035
1,33001
1,55005
1,31021
1,41019
1,29041
1,47043
1,19073
1,18103
1,29049
1,27007
1,17071
1,31091
1,19165
1,29017
1,46055
1,18119
1,19189
1,30081
1,56017
1,16049
1,19181
1,35003
1,55009
1,36121
1,55105
1,20207
1,37031
1,54085
1,20109
1,30029
1,46085
1,27009
1,54057
1,27077
1,26151
1,22111
1,55131
1,30101
1,40017
1,20129
1,53039
1,19161
1,26071
1,38019
1,39107
1,49025
1,39023
1,55121
1,49015
1,42087
1,55083
1,19139
1,17105
1,28059
1,30013
1,16053
1,29173
1,31059
1,39073
1,39127
1,13247
1,29095
1,34037
1,26045
1,31073
1,26049
1,42061
1,36069
1,19061
1,55045
1,30067
1,40085
1,42111
1,29027
1,31145
1,20125
1,29115
1,13177
1,28075
1,8027
1,26119
1,40027
1,18113
1,19075
1,20163
1,31121
1,31127
1,29141
1,17035
1,29229
1,39095
1,38033
1,12019
1,27067
1,16001
1,2068
1,44003
1,42071
1,40037
1,20065
1,31083
1,31023
1,54049
1,48485
1,8057
1,39141
1,42099
1,18067
1,2150
1,19049
1,53005
1,41023
1,20123
1,16017
1,48393
1,20189
1,42109
1,26043
1,48499
1,55023
1,20167
1,30085
1,47131
1,27137
1,30019
1,24025
1,20097
1,13229
1,39007
1,2220
1,21047
1,26035
1,47161
1,56045
1,26029
1,39157
1,30057
1,27075
1,46059
1,42015
1,42033
1,41033
1,22121
1,48245
1,21215
1,21103
1,13151
1,17135
1,13063
1,39077
1,48381
1,19133
1,29225
1,51650
1,39059
1,46097
1,18075
1,29186
1,19025
1,27001
1,55081
1,19033
1,20053
1,42131
1,48281
1,55117
1,39137
1,8015
1,55027
1,50011
1,47127
1,53019
1,55091
1,39111
1,19053
1,37089
1,13103
1,27149
1,48053
1,17203
1,27097
1,24001
1,17067
1,19021
1,29063
1,33017
1,20203
1,56023
1,8085
1,27027
1,32007
1,26067
1,39091
1,49007
1,12103
1,39147
1,26087
1,31011
1,31183
1,20049
1,48263
1,35035
1,49047
1,41009
1,54095
1,37175
1,23011
1,27043
1,13237
1,46003
1,12123
1,39033
1,55119
1,36009
1,48065
1,19163
1,31181
1,17175
1,21111
1,12115
1,27169
1,48167
1,18091
1,29175
1,55021
1,29199
1,6067
1,6005
1,19195
1,41065
1,31135
1,31013
1,26163
1,2020
1,17021
1,36117
1,29073
1,47119
1,12015
1,31067
1,19019
1,54077
1,22011
1,38059
1,29157
1,55065
1,27069
1,17201
1,53045
1,27071
1,13039
1,19079
1,54029
1,36071
1,55067
1,30039
1,18061
1,20119
1,29007
1,29205
1,49009
1,31005
1,31149
1,41007
1,46047
1,29203
1,19009
1,39119
1,30001
1,41063
1,46009
1,42081
1,29013
1,17085
1,55109
1,6035
1,20087
1,29139
1,20179
1,55059
1,21163
1,4007
1,26165
1,16035
1,8081
1,49039
1,17053
1,40117
1,31049
1,31167
1,29215
1,40059
1,18063
1,28121
1,53037
1,29011
1,56011
1,40071
1,35061
1,54071
1,5025
1,41047
1,46119
1,53053
1,36023
1,55135
1,55137
1,21023
1,36029
1,29129
1,17001
1,42067
1,39047
1,21033
1,53043
1,29003
1,34033
1,18151
1,27005
1,18117
1,32009
1,19135
1,17195
1,38101
1,18149
1,55031
1,31051
1,48319
1,29111
1,42047
1,35043
1,21091
1,26129
1,48441
1,16085
1,29211
1,54053
1,40047
1,29171
1,42121
1,55033
1,13153
1,17051
1,29081
1,6095
1,54041
1,19011
1,53003
1,46013
1,39011
1,31111
1,18175
1,17081
1,46105
1,21123
1,8079
1,6003
1,20171
1,8119
1,56013
1,20151
1,18179
1,42055
1,28045
1,27101
1,39175
1,29029
1,19023
1,54003
1,46057
1,39121
1,2060
1,8041
1,19081
1,20085
1,47083
1,39037
1,19031
1,38039
1,17173
1,51177
1,20201
1,26025
1,26117
1,39159
1,42031
1,8075
1,16071
1,36065
1,20027
1,18015
1,31185
1,31177
1,27081
1,39171
1,42011
1,19091
1,38067
1,26113
1,31087
1,6051
1,26019
1,39135
1,38023
1,13223
1,31081
1,19173
1,40053
1,8089
1,2280
1,53057
1,16065
1,29089
1,38011
1,48019
1,19045
1,30027
1,46075
1,19143
1,12031
1,5051
1,26109
1,39039
1,31103
1,21191
1,26039
1,55115
1,15009
1,18003
1,40129
1,16083
1,13097
1,8101
1,41071
1,17093
1,19043
1,46063
1,42079
1,19175
1,19155
1,55123
1,42035
1,20101
1,33019
1,18153
1,40153
1,26011
1,29009
1,18115
1,18135
1,31065
1,47159
1,17187
1,55085
1,37049
1,55099
1,18021
1,17125
1,46093
1,19007
1,16015
1,36031
1,40003
1,46029
1,16003
1,30077
1,36043
1,27017
1,56021
1,18129
1,36115
1,19001
1,16041
1,48233
1,55047
1,27139
1,39069
1,31105
1,38057
1,31019
1,36075
1,39145
1,18093
1,30099
1,55039
1,1003
1,38077
1,8095
1,8045
1,27143
1,20083
1,42025
1,49049
1,48221
1,49033
1,26005
1,22043
1,16045
1,18155
1,19027
1,35045
1,30069
1,19065
1,18001
1,36041
1,36025
1,20105
1,46083
1,26137
1,40035
1,16061
1,18073
1,20023
1,17129
1,12003
1,29197
1,54067
1,16037
1,39151
1,31115
1,42085
1,55103
1,53071
1,16023
1,40011
1,32001
1,19059
1,13183
1,53047
1,27073
1,22053
1,27093
1,28047
1,16039
1,29097
1,13127
1,18177
1,18121
1,51045
1,46115
1,54035
1,20031
1,42023
1,42059
1,48027
1,19041
1,19117
1,27035
1,26099
1,30033
1,30103
1,19039
1,37087
1,16031
1,19129
1,31057
1,6079
1,31069
1,53065
1,26153
1,19193
1,55051
1,17099
1,42053
1,19153
1,26157
1,5013
1,29127
1,26051
1,40015
1,16081
1,21155
1,53035
1,53063
1,12089
1,26079
1,31169
1,31063
1,49019
1,26105
1,26123
1,54025
1,42037
1,40073
1,30047
1,20141
1,20199
1,36101
1,17107
1,48077
1,20131
1,20169
1,26097
1,56009
1,36097
1,31123
1,41005
1,40043
1,51071
1,42065
1,49051
1,55125
1,48033
1,30059
1,36073
1,48099
1,17143
1,36037
1,42105
1,29217
1,46035
1,55001
1,18055
1,26057
1,27141
1,39125
1,2130
1,21233
1,6089
1,55019
1,30097
1,54097
1,13053
1,36051
1,49013
1,29125
1,18083
1,27113
1,13215
1,24043
1,6043
1,31155
1,13085
1,21027
1,19029
1,39163
1,27059
1,38017
1,19191
1,35051
1,48361
1,30083
1,30023
1,18009
1,16027
1,38015
1,17037
1,40033
1,31039
1,8025
1,20007
1,55043
1,5063
1,30043
1,48335
1,54031
1,29085
1,42057
1,55061
1,6049
1,19097
1,6101
1,17033
1,55041
1,41013
1,39103
1,30035
1,29167
1,19121
1,27133
1,21005
1,1001
1,38013
1,6017
1,40113
1,29227
1,56015
1,8017
1,54075
1,42089
1,39019
1,38027
1,54073
1,49031
1,2188
1,53015
1,27083
1,19085
1,12111
1,22063
1,46019
1,37029
1,29105
1,20019
1,41017
1,29099
1,42097
1,36013
1,18143
1,53069
1,18145
1,18169
1,37019
1,8121
1,17155
1,2016
1,56005
1,18085
1,18133
1,53073
1,42069
1,29135
1,30015
1,38055
1,30003
1,20013
1,39031
1,56003
1,29061
1,17119
1,40083
1,6045
1,19183
1,54009
1,48037
1,15007
1,32019
1,17177
1,33003
1,46087
1,2282
1,49023
1,17023
1,29077
1,51570
1,29045
1,26115
1,36089
1,12127
1,39065
1,36083
1,31017
1,55049
1,6069
1,32017
1,53061
1,2240
1,34029
1,54027
1,29121
1,48425
1,38003
1,20021
1,26143
1,19047
1,27165
1,24019
1,6105
1,32023
1,26033
1,49017
1,22005
1,55053
1,29039
1,17095
1,31009
1,20173
1,2013
1,17047
1,49021
1,17013
1,31093
1,1045
1,18089
1,19123
1,5129
1,17163
1,31133
1,48367
1,17123
1,12061
1,12083
1,8029
1,18095
1,10001
1,26041
1,18159
1,46073
1,20117
1,38087
1,53041
1,42133
1,39129
1,27173
1,2232
1,16059
1,39015
1,8055
1,40149
1,31151
1,19099
1,6065
1,6023
1,13245
1,17027
1,48469
1,20093
1,26069
1,30089
1,8093
1,27161
1,46053
1,46123
1,19127
1,20035
1,25023
1,17199
1,29109
1,48265
1,40051
1,27063
1,26059
1,38063
1,48423
1,40081
1,42005
1,31147
1,13309
1,27119
1,38099
1,6109
1,19003
1,42103
1,56033
1,55095
1,55013
1,30079
1,22015
1,55111
1,36017
1,27041
1,27015
1,19115
1,21015
1,17171
1,21225
1,30005
1,17139
1,39115
1,19017
1,20191
1,17147
1,46099
1,19089
1,18173
1,26107
1,31085
1,12011
1,56019
1,48039
1,39045
1,29169
1,49041
1,38095
1,20063
1,20121
1,37139
1,41025
1,38097
1,31165
1,22031
1,55107
1,51800
1,53031
1,55011
1,39093
1,30075
1,39051
1,54079
1,30053
1,27079
1,19157
1,49027
1,46041
1,45051
1,51775
1,23017
1,26021
1,18171
1,6071
1,38049
1,27121
1,48359
1,48301
1,32033
1,24009
1,41057
1,45035
1,19119
1,20071
1,29209
1,17141
1,54091
1,48299
1,29043
1,49055
1,55003
1,37105
1,8115
1,20177
1,17073
1,18139
1,39013
1,18019
1,27033
1,30061
1,35007
1,27111
1,42115
1,31175
1,18053
1,56027
1,29101
1,46025
1,31029
1,18099
1,39109
1,38071
1,19055
1,21007
1,39123
1,40049
1,20033
1,20165
1,12017
1,27155
1,55055
1,27011
1,16043
1,29103
1,17011
1,55037
1,4011
1,55087
1,24023
1,36049
1,41053
1,31137
1,48211
1,42021
1,42039
1,5003
1,27135
1,55035
1,27057
1,19069
1,18165
1,18031
1,18131
1,37191
1,5055
1,46015
1,49001
1,27061
1,17115
1,36035
1,38105
1,21145
1,32005
1,53051
1,48457
1,19111
1,31071
1,46071
1,12053
1,18007
1,41001
1,49057
1,46037
1,55071
1,23025
1,55069
1,55141
1,41043
1,26003
1,36063
1,17197
1,31129
1,55077
1,5131
1,54107
1,27103
1,29131
1,8047
1,4025
1,31171
1,31143
1,26145
1,54001
1,42129
1,21139
1,16019
1,37025
1,46101
1,19067
1,20001
1,32003
1,51127
1,8043
1,39149
1,54017
1,56041
1,38009
1,19095
1,30105
1,46135
1,19051
1,20113
1,53011
1,19179
1,12069
1,37097
1,20193
1,13025
1,18125
1,8039
1,19125
1,30087
1,13005
1,19057
1,47165
1,18077
1,20075
1,26023
1,30065
1,37141
1,41069
1,32029
1,48251
1,19035
1,12007
1,18161
1,29047
1,13179
1,23021
1,17083
1,49005
1,42063
1,19149
1,30091
1,17007
1,27051
1,49029
1,18071
1,30041
1,21081
2,42027
2,8059
2,50017
2,41051
2,45019
2,35013
2,26073
2,40119
2,13117
2,8005
2,47179
2,51085
2,24005
2,4019
2,24041
2,26081
2,48259
2,17043
2,25015
2,13121
2,34025
2,51041
2,8069
2,34039
2,37037
2,13077
2,54061
2,28105
2,36001
2,36091
2,40021
2,8031
2,33009
2,50003
2,12095
2,12087
2,17137
2,25013
2,39173
2,37021
2,51770
2,24029
2,37149
2,33005
2,21185
2,23015
2,39009
2,51199
2,8067
2,28089
2,23013
2,25021
2,48113
2,18043
2,20069
2,28071
2,24037
2,1117
2,34023
2,51157
2,29189
2,39017
2,1069
2,48143
2,55025
2,51161
2,18141
2,6013
2,40039
2,6097
2,24013
2,37119
2,1089
2,20051
2,51099
2,8091
2,51043
2,46027
2,12085
2,44009
2,38093
2,28049
2,34021
2,5007
2,53033
2,6053
2,55097
2,13219
2,37063
2,37001
2,24003
2,29019
2,50023
2,48209
2,25027
2,36093
2,31109
2,26065
2,9005
2,6113
2,50013
2,17077
2,42029
2,48043
2,48491
2,21113
2,22051
2,34015
2,51735
2,20081
2,51683
2,48091
2,31045
2,50027
2,34019
2,17031
2,51079
2,17109
2,39153
2,39041
2,40147
2,19013
2,12071
2,6111
2,22073
2,1073
2,36021
2,54039
2,5143
2,21037
2,12021
2,17097
2,4005
2,36077
2,47113
2,45003
2,48421
2,44005
2,45079
2,8003
2,51087
2,21151
2,48453
2,36103
2,36111
2,22017
2,25011
2,17089
2,37099
2,21035
2,50021
2,47187
2,36079
2,56001
2,28081
2,44007
2,21211
2,18167
2,5119
2,6087
2,40109
2,48417
2,50001
2,48295
2,25003
2,34009
2,26061
2,1101
2,8049
2,21209
2,37125
2,45013
2,42043
2,13021
2,55127
2,51019
2,29051
2,37129
2,1103
2,6083
2,48171
2,1125
2,54011
2,34041
2,18105
2,6001
2,27109
2,22061
2,24033
2,6081
2,17113
2,39025
2,50015
2,54069
2,12109
2,13051
2,36059
2,40123
2,25025
2,34005
2,29147
2,13029
2,36119
2,17019
2,39057
2,39055
2,36113
2,36081
2,23023
2,51660
2,22103
2,46011
2,38031
2,35001
2,41067
2,34027
2,21073
2,16057
2,47001
2,36007
2,48235
2,29161
2,37147
2,42095
2,20111
2,18005
2,23027
2,37179
2,21239
2,51760
2,12117
2,6059
2,51095
2,47189
2,48347
2,25017
2,34007
2,48201
2,36067
2,34003
2,51680
2,12001
2,19167
2,12057
2,51820
2,13031
2,48329
2,20161
2,51121
2,39165
2,22071
2,51103
2,34013
2,47037
2,24045
2,13135
2,25001
2,55133
2,30049
2,27123
2,48451
2,46065
2,50025
2,28087
2,30051
2,48029
2,35049
2,30093
2,53007
2,42077
2,24021
2,51790
2,37067
2,48355
2,53055
2,50005
2,36053
2,51630
2,39035
2,36027
2,18081
2,23005
2,48031
2,27019
2,30031
2,45091
2,47065
2,35047
2,31055
2,9015
2,42019
2,51145
2,54037
2,42017
2,48121
2,48269
2,18035
2,51153
2,45045
2,21067
2,6037
2,12099
2,31179
2,48157
2,21227
2,51179
2,9003
2,22055
2,9011
2,47157
2,29165
2,1081
2,36085
2,30063
2,51061
2,48303
2,13113
2,8083
2,40143
2,18097
2,18011
2,51065
2,8053
2,46127
2,9009
2,27037
2,33011
2,9013
2,20045
2,42003
2,55139
2,2110
2,13089
2,22033
2,6055
2,34031
2,18157
2,21117
2,47149
2,8007
2,25009
2,45043
2,24035
2,8019
2,26077
2,6085
2,1031
2,36087
2,42045
2,48041
2,39049
2,48439
2,39061
2,41027
2,13067
2,13145
2,15003
2,47093
2,6073
2,4013
2,37189
2,25007
2,27053
2,51750
2,42091
2,37081
2,24047
2,50007
2,40151
2,12073
2,51075
2,33015
2,5031
2,28073
2,55079
2,5045
2,48187
2,51840
2,25019
2,9007
2,27163
2,13057
2,28035
2,35041
2,36055
2,13185
2,9001
2,35055
2,13073
2,42041
2,19101
2,48339
2,48397
2,29031
2,38007
2,51685
2,55089
2,29001
2,26125
2,44001
2,23009
2,28149
2,51133
2,34017
2,10003
3,8035
3,18057
3,26161
3,8013
3,36109
3,37135
3,8107
3,51600
3,20091
3,53075
3,37183
3,19103
3,8097
3,48085
3,51610
3,6041
3,8117
3,8051
3,56039
3,51013
3,51830
3,8113
3,16013
3,49043
3,24027
3,19169
3,51059
3,34035
3,8111
3,24031
3,41003
3,51003
3,35028
3,51510
3,51107
3,8037
4,48507
4,48389
4,48479
4,48323
4,15005
4,48427
4,48283
4,48229
4,48047
4,48489
4,48377
4,48215
5,51678
5,11001
5,48243
5,51540
5,36061
5,13059
5,6075
